price_id,ndc,unit_price,price_date,generic_brand,generic_price,generic_date
1,24385005452,0.28255,2022-12-21,1,,
2,70000047501,0.28255,2022-12-21,1,,
3,46122038576,0.78326,2022-12-21,1,,
4,70000036201,0.15365,2022-12-21,1,,
5,70000036202,0.15365,2022-12-21,1,,
6,51672206200,0.31131,2022-12-21,1,,
7,46122006271,0.06987,2022-12-21,1,,
8,46122062978,0.06987,2022-12-21,1,,
9,70000018002,0.06987,2022-12-21,1,,
10,70000018003,0.06987,2022-12-21,1,,
11,70000018005,0.06987,2022-12-21,1,,
12,70000030601,0.06987,2022-12-21,1,,
13,00378410591,0.60991,2022-11-23,1,,
14,00904687404,0.60991,2022-11-23,1,,
15,00904687406,0.60991,2022-11-23,1,,
16,31722055760,0.60991,2022-11-23,1,,
17,50268004911,0.60991,2022-11-23,1,,
18,50268004912,0.60991,2022-11-23,1,,
19,51079020401,0.60991,2022-11-23,1,,
20,51079020406,0.60991,2022-11-23,1,,
21,64380071703,0.60991,2022-11-23,1,,
22,65862007360,0.60991,2022-11-23,1,,
23,68084002111,0.60991,2022-11-23,1,,
24,68084002121,0.60991,2022-11-23,1,,
25,69097051403,0.60991,2022-11-23,1,,
26,42385096230,2.57673,2022-12-28,1,,
27,65862033530,2.57673,2022-11-23,1,,
28,65862090030,2.57673,2022-11-23,1,,
29,68180028806,2.57673,2022-11-23,1,,
30,69097036202,2.57673,2022-11-23,1,,
31,59148000813,18.63019,2022-03-23,0,0.13331,12/21/2022
32,59148000913,18.68894,2021-12-15,0,0.14264,12/21/2022
33,59148000713,18.68144,2021-12-15,0,0.14516,12/21/2022
34,59148004580,1827.31252,2022-01-15,0,,
35,59148001870,1834.87198,2022-01-15,0,,
36,59148001871,1834.87198,2022-01-15,0,,
37,59148007280,2444.18938,2022-12-21,0,,
38,59148001970,2445.83688,2022-01-15,0,,
39,59148001971,2445.83688,2022-01-15,0,,
40,00093112589,1.4616,2022-12-21,1,,
41,00143959721,1.4616,2022-12-21,1,,
42,00378692078,1.4616,2022-12-21,1,,
43,00904694804,1.4616,2022-12-21,1,,
44,16714096301,1.4616,2022-12-21,1,,
45,43598035804,1.4616,2022-12-21,1,,
46,60505432701,1.4616,2022-12-21,1,,
47,60687045511,1.4616,2022-12-21,1,,
48,60687045521,1.4616,2022-12-21,1,,
49,64679002101,1.4616,2022-12-21,1,,
50,64980041812,1.4616,2022-12-21,1,,
51,68001048907,1.4616,2022-12-21,1,,
52,68462013508,1.4616,2022-12-21,1,,
53,69238116507,1.4616,2022-12-21,1,,
54,71921017820,1.4616,2022-12-21,1,,
55,72205003092,1.4616,2022-12-21,1,,
56,72603011001,1.4616,2022-12-21,1,,
57,72606056601,1.4616,2022-12-21,1,,
58,82249001012,1.4616,2022-12-21,1,,
59,82293000110,1.4616,2022-12-21,1,,
60,00093535286,0.52226,2022-12-21,1,,
61,00378633380,0.52226,2022-12-21,1,,
62,00904721304,0.52226,2022-12-21,1,,
63,60687012125,0.52226,2022-12-21,1,,
64,60687012195,0.52226,2022-12-21,1,,
65,68382056928,0.52226,2022-12-21,1,,
66,68462043518,0.52226,2022-12-21,1,,
67,00054014225,0.29973,2022-12-21,1,,
68,23155014901,0.29973,2022-12-21,1,,
69,64380076006,0.29973,2022-12-21,1,,
70,69543012210,0.29973,2022-12-21,1,,
71,69543012211,0.29973,2022-12-21,1,,
72,00054014025,0.17954,2022-12-21,1,,
73,23155014701,0.17954,2022-12-21,1,,
74,64380075806,0.17954,2022-12-21,1,,
75,69543012010,0.17954,2022-12-21,1,,
76,69543012011,0.17954,2022-12-21,1,,
77,00054014125,0.22151,2022-12-21,1,,
78,23155014801,0.22151,2022-12-21,1,,
79,64380075906,0.22151,2022-12-21,1,,
80,69543012110,0.22151,2022-12-21,1,,
81,69543012111,0.22151,2022-12-21,1,,
82,73059000160,8.23914,2022-10-19,0,,
83,50268005011,0.65135,2022-12-21,1,,
84,50268005015,0.65135,2022-12-21,1,,
85,53746066901,0.65135,2022-12-21,1,,
86,62559025501,0.65135,2022-12-21,1,,
87,53746067001,0.89127,2022-12-21,1,,
88,62559025601,0.89127,2022-12-21,1,,
89,45802073200,0.30312,2022-12-21,1,,
90,45802073230,0.30312,2022-12-21,1,,
91,45802073233,0.30312,2022-12-21,1,,
92,54859080916,0.00979,2022-12-21,1,,
93,69367032316,0.00979,2022-12-21,1,,
94,69367032304,0.0211,2022-12-21,1,,
95,46122043078,0.02209,2022-12-21,1,,
96,00536116401,0.02209,2022-12-21,1,,
97,00536132701,0.02209,2022-12-21,1,,
98,00536132706,0.02209,2022-12-21,1,,
99,00536132710,0.02209,2022-12-21,1,,
100,00904671950,0.02209,2022-12-21,1,,
101,00904671960,0.02209,2022-12-21,1,,
102,00904677361,0.02209,2022-12-21,1,,
103,49483034001,0.02209,2022-12-21,1,,
104,49483034010,0.02209,2022-12-21,1,,
105,51645070301,0.02209,2022-12-21,1,,
106,51645070310,0.02209,2022-12-21,1,,
107,51645070399,0.02209,2022-12-21,1,,
108,63739008702,0.02209,2022-12-21,1,,
109,68599467909,0.02209,2022-12-21,1,,
110,70000009201,0.02209,2022-12-21,1,,
111,00904672024,0.03138,2022-12-21,1,,
112,00904672040,0.03138,2022-12-21,1,,
113,00904672051,0.03138,2022-12-21,1,,
114,00904672059,0.03138,2022-12-21,1,,
115,00904672060,0.03138,2022-12-21,1,,
116,00904672080,0.03138,2022-12-21,1,,
117,51645070501,0.03138,2022-12-21,1,,
118,51645070510,0.03138,2022-12-21,1,,
119,70000037301,0.03138,2022-12-21,1,,
120,70000037302,0.03138,2022-12-21,1,,
121,70000037303,0.03138,2022-12-21,1,,
122,70000037305,0.03138,2022-12-21,1,,
123,00536129229,0.03138,2022-12-21,1,,
124,70000031201,0.03138,2022-12-21,1,,
125,70000031202,0.03138,2022-12-21,1,,
126,70000050901,0.05083,2022-12-21,1,,
127,00536117201,0.03138,2022-12-21,1,,
128,00904673059,0.03138,2022-12-21,1,,
129,00904673060,0.03138,2022-12-21,1,,
130,00904673061,0.03138,2022-12-21,1,,
131,00904673080,0.03138,2022-12-21,1,,
132,49483034101,0.03138,2022-12-21,1,,
133,49483034110,0.03138,2022-12-21,1,,
134,49483034150,0.03138,2022-12-21,1,,
135,51645070601,0.03138,2022-12-21,1,,
136,51645070610,0.03138,2022-12-21,1,,
137,70000003601,0.03138,2022-12-21,1,,
138,70000041001,0.03138,2022-12-21,1,,
139,70000041002,0.03138,2022-12-21,1,,
140,45802073000,0.29318,2022-12-21,1,,
141,45802073030,0.29318,2022-12-21,1,,
142,45802073032,0.29318,2022-12-21,1,,
143,45802073033,0.29318,2022-12-21,1,,
144,00904688365,0.06987,2022-12-21,1,,
145,49483069901,0.06987,2022-12-21,1,,
146,70010016001,0.06987,2022-12-21,1,,
147,68001049500,0.06987,2022-12-21,1,,
148,68084077725,0.06987,2022-12-21,1,,
149,68084077795,0.06987,2022-12-21,1,,
150,00904673151,0.0467,2022-12-21,1,,
151,51645070905,0.0467,2022-12-21,1,,
152,70000041101,0.0467,2022-12-21,1,,
153,70000041102,0.0467,2022-12-21,1,,
154,70000041103,0.0467,2022-12-21,1,,
155,00406048301,0.15939,2022-12-21,1,,
156,00603233721,0.15939,2022-12-21,1,,
157,13107005801,0.15939,2022-12-21,1,,
158,71930005412,0.15939,2022-12-21,1,,
159,71930005452,0.15939,2022-12-21,1,,
160,00093015001,0.12797,2022-12-21,1,,
161,00406048401,0.12797,2022-12-21,1,,
162,00406048403,0.12797,2022-12-21,1,,
163,00406048410,0.12797,2022-12-21,1,,
164,00406048423,0.12797,2022-12-21,1,,
165,00406048462,0.12797,2022-12-21,1,,
166,00603233821,0.12797,2022-12-21,1,,
167,00603233832,0.12797,2022-12-21,1,,
168,13107005901,0.12797,2022-12-21,1,,
169,13107005999,0.12797,2022-12-21,1,,
170,60687060401,0.12797,2022-12-21,1,,
171,60687060411,0.12797,2022-12-21,1,,
172,65162003310,0.12797,2022-12-21,1,,
173,71930005512,0.12797,2022-12-21,1,,
174,71930005552,0.12797,2022-12-21,1,,
175,00406048501,0.30581,2022-12-21,1,,
176,00406048505,0.30581,2022-12-21,1,,
177,00603233921,0.30581,2022-12-21,1,,
178,00603233928,0.30581,2022-12-21,1,,
179,13107006001,0.30581,2022-12-21,1,,
180,13107006005,0.30581,2022-12-21,1,,
181,13107006099,0.30581,2022-12-21,1,,
182,60687061501,0.30581,2022-12-21,1,,
183,60687061511,0.30581,2022-12-21,1,,
184,71930005612,0.30581,2022-12-21,1,,
185,71930005652,0.30581,2022-12-21,1,,
186,00121050416,0.01351,2022-12-21,1,,
187,50383007916,0.01351,2022-12-21,1,,
188,60432024516,0.01351,2022-12-21,1,,
189,00121050404,0.01918,2022-05-18,1,,
190,23155028701,0.14303,2022-12-21,1,,
191,51672402201,0.14303,2022-12-21,1,,
192,52817020010,0.14303,2022-12-21,1,,
193,64380083306,0.14303,2022-12-21,1,,
194,70756072011,0.14303,2022-12-21,1,,
195,70954003330,0.14303,2022-12-21,1,,
196,71930000812,0.14303,2022-12-21,1,,
197,72888004701,0.14303,2022-12-21,1,,
198,00527105001,0.19589,2022-12-21,1,,
199,00904666361,0.19589,2022-12-21,1,,
200,23155028801,0.19589,2022-12-21,1,,
201,50268005411,0.19589,2022-12-21,1,,
202,50268005415,0.19589,2022-12-21,1,,
203,51672402301,0.19589,2022-12-21,1,,
204,52817020110,0.19589,2022-12-21,1,,
205,60687061901,0.19589,2022-12-21,1,,
206,60687061911,0.19589,2022-12-21,1,,
207,64380083406,0.19589,2022-12-21,1,,
208,70756072111,0.19589,2022-12-21,1,,
209,70954003430,0.19589,2022-12-21,1,,
210,71930000912,0.19589,2022-12-21,1,,
211,72888004801,0.19589,2022-12-21,1,,
212,16729033101,0.35457,2022-12-21,1,,
213,23155012001,0.35457,2022-12-21,1,,
214,23155078701,0.35457,2022-12-21,1,,
215,29033003001,0.35457,2022-12-21,1,,
216,42571024301,0.35457,2022-12-21,1,,
217,50268004211,0.35457,2023-01-04,1,,
218,50268004212,0.35457,2023-01-04,1,,
219,50742023301,0.35457,2022-12-21,1,,
220,60687057811,0.35457,2022-12-21,1,,
221,60687057821,0.35457,2022-12-21,1,,
222,70710159101,0.35457,2022-12-21,1,,
223,50383088915,1.37559,2022-12-21,1,,
224,52817081615,1.37559,2022-12-21,1,,
225,60432074116,1.37559,2022-12-21,1,,
226,64980042415,1.37559,2022-12-21,1,,
227,00409330703,0.38115,2022-04-20,1,,
228,63323069130,0.38115,2022-04-20,1,,
229,00517760425,1.80328,2022-03-23,1,,
230,63323069404,1.80328,2022-03-23,1,,
231,63323069444,1.80328,2022-03-23,1,,
232,00904772714,0.01184,2022-12-21,1,,
233,00904536560,0.0379,2022-12-21,1,,
234,46122039465,0.10648,2022-12-21,1,,
235,46122039475,0.10648,2022-12-21,1,,
236,70000004801,0.10648,2022-12-21,1,,
237,24385038563,0.14381,2022-12-21,1,,
238,24385038571,0.14381,2022-12-21,1,,
239,70000004901,0.14381,2022-12-21,1,,
240,70000041601,0.23976,2022-12-21,1,,
241,70000058201,0.23976,2022-12-21,1,,
242,70000023201,0.32399,2022-12-21,1,,
243,70000023202,0.32399,2022-12-21,1,,
244,70000023203,0.32399,2022-12-21,1,,
245,62856024330,21.39828,2022-09-01,0,0.20266,12/21/2022
246,69784024330,21.39828,2022-09-01,0,0.20266,12/21/2022
247,00093113556,6.91035,2022-12-21,1,,
248,00115175008,6.91035,2022-12-21,1,,
249,00378702093,6.91035,2022-12-21,1,,
250,42794008008,6.91035,2022-12-21,1,,
251,00093113656,10.7199,2022-12-21,1,,
252,00115175308,10.7199,2022-12-21,1,,
253,00378702393,10.7199,2022-12-21,1,,
254,42794008308,10.7199,2022-12-21,1,,
255,66993089630,10.7199,2022-12-21,1,,
256,00536105656,0.07094,2022-12-21,1,,
257,00536105625,0.22185,2022-12-21,1,,
258,00536112925,0.2127,2022-12-21,1,,
259,00536105556,0.07179,2022-12-21,1,,
260,00536105525,0.22856,2022-12-21,1,,
261,00536105775,0.06807,2022-09-21,1,,
262,00904578961,0.10702,2022-12-21,1,,
263,23155022901,0.10702,2022-12-21,1,,
264,23155022905,0.10702,2022-12-21,1,,
265,60505004206,0.10702,2022-12-21,1,,
266,61442011401,0.10702,2022-12-21,1,,
267,61442011405,0.10702,2022-12-21,1,,
268,62135003950,0.10702,2022-12-21,1,,
269,68084010701,0.10702,2022-12-21,1,,
270,68084010711,0.10702,2022-12-21,1,,
271,69076014601,0.10702,2022-12-21,1,,
272,72578000201,0.10702,2022-12-21,1,,
273,72578000205,0.10702,2022-12-21,1,,
274,75834012401,0.10702,2022-12-21,1,,
275,00378871273,0.15454,2022-12-21,1,,
276,00472008216,0.15454,2022-12-21,1,,
277,23155048551,0.15454,2022-12-21,1,,
278,31722068147,0.15454,2022-12-21,1,,
279,50383081016,0.15454,2022-12-21,1,,
280,66689034216,0.15454,2022-12-21,1,,
281,70954018810,0.15454,2022-12-21,1,,
282,00904579061,0.10601,2022-12-21,1,,
283,23155022701,0.10601,2022-12-21,1,,
284,23155022705,0.10601,2022-12-21,1,,
285,31722077701,0.10601,2022-12-21,1,,
286,31722077705,0.10601,2022-12-21,1,,
287,50268006111,0.10601,2022-12-21,1,,
288,50268006115,0.10601,2022-12-21,1,,
289,60505530601,0.10601,2022-12-21,1,,
290,60505530608,0.10601,2022-12-21,1,,
291,61442011201,0.10601,2022-12-21,1,,
292,61442011205,0.10601,2022-12-21,1,,
293,68084010801,0.10601,2022-12-21,1,,
294,68084010811,0.10601,2022-12-21,1,,
295,68382079101,0.10601,2022-12-21,1,,
296,68382079105,0.10601,2022-12-21,1,,
297,69117001801,0.10601,2022-12-21,1,,
298,69117001802,0.10601,2022-12-21,1,,
299,69452029020,0.10601,2022-12-21,1,,
300,69452029030,0.10601,2022-12-21,1,,
301,00093363020,38.37876,2022-12-21,1,,
302,45802004475,38.37876,2022-12-21,1,,
303,65162083614,38.37876,2022-12-21,1,,
304,00378870049,0.68104,2022-12-21,1,,
305,00591115930,0.68104,2022-12-21,1,,
306,00713063031,0.68104,2022-12-21,1,,
307,13668051502,0.68104,2022-12-21,1,,
308,16714088502,0.68104,2022-12-21,1,,
309,33342043930,0.68104,2022-12-28,1,,
310,51672136002,0.68104,2022-12-21,1,,
311,63646030030,0.68104,2022-12-21,1,,
312,65162083596,0.68104,2022-12-21,1,,
313,68462074635,0.68104,2022-12-21,1,,
314,70700010716,0.68104,2022-12-21,1,,
315,72578008206,0.68104,2022-12-21,1,,
316,00378870006,0.76942,2022-12-21,1,,
317,00713063015,0.76942,2022-12-21,1,,
318,13668051501,0.76942,2022-12-21,1,,
319,16714088501,0.76942,2022-12-21,1,,
320,33342043915,0.76942,2022-12-28,1,,
321,51672136001,0.76942,2022-12-21,1,,
322,63646030015,0.76942,2022-12-21,1,,
323,65162083594,0.76942,2022-12-21,1,,
324,68462074617,0.76942,2022-12-21,1,,
325,70700010715,0.76942,2022-12-21,1,,
326,72578008201,0.76942,2022-12-21,1,,
327,23155022801,0.1914,2022-12-21,1,,
328,23155022805,0.1914,2022-12-21,1,,
329,31722077801,0.1914,2022-12-21,1,,
330,31722077805,0.1914,2022-12-21,1,,
331,50268006211,0.1914,2022-12-21,1,,
332,50268006215,0.1914,2022-12-21,1,,
333,60505530701,0.1914,2022-12-21,1,,
334,60505530705,0.1914,2022-12-21,1,,
335,61442011301,0.1914,2022-12-21,1,,
336,61442011305,0.1914,2022-12-21,1,,
337,62135001950,0.1914,2022-12-21,1,,
338,68084010901,0.1914,2022-12-21,1,,
339,68084010911,0.1914,2022-12-21,1,,
340,68382079201,0.1914,2022-12-21,1,,
341,68382079205,0.1914,2022-12-21,1,,
342,69117001901,0.1914,2022-12-21,1,,
343,69117001902,0.1914,2022-12-21,1,,
344,69452029120,0.1914,2022-12-21,1,,
345,69452029130,0.1914,2022-12-21,1,,
346,00168042446,2.85451,2022-12-21,1,,
347,45802045384,2.85451,2022-12-21,1,,
348,68308070645,2.85451,2022-12-21,1,,
349,70000004302,0.374,2022-10-19,1,,
350,70000004301,0.50667,2022-12-21,1,,
351,68462040355,2.50035,2022-02-23,1,,
352,00472012645,0.80268,2022-12-21,1,,
353,00781714219,0.80268,2022-12-21,1,,
354,51672137706,0.80268,2022-12-21,1,,
355,62332054945,0.80268,2022-12-21,1,,
356,66993088445,0.80268,2022-12-21,1,,
357,00781714270,2.66107,2022-11-23,1,,
358,51672137709,2.66107,2022-11-23,1,,
359,62332054946,2.66107,2022-11-23,1,,
360,66993088448,2.66107,2022-11-23,1,,
361,00781718270,0.58786,2022-12-21,1,,
362,45802084601,0.58786,2022-12-21,1,,
363,51672136403,0.58786,2022-12-21,1,,
364,66993086948,0.58786,2022-12-21,1,,
365,68462030147,0.58786,2022-12-21,1,,
366,00093630345,2.0953,2022-12-21,1,,
367,45802085345,2.0953,2022-12-21,1,,
368,51672138409,2.0953,2022-12-21,1,,
369,62332066245,2.0953,2022-12-21,1,,
370,68308066245,2.0953,2022-12-21,1,,
371,72578011904,2.0953,2022-12-21,1,,
372,57844011001,8.50174,2022-01-01,0,0.24955,12/21/2022
373,57844011501,8.56038,2022-10-19,0,0.26873,12/21/2022
374,57844012001,8.61849,2022-01-01,0,0.28824,12/21/2022
375,57844013001,8.56081,2022-01-01,0,0.29879,12/21/2022
376,54092038301,6.84032,2022-05-18,0,0.55268,12/21/2022
377,54092038501,6.8183,2022-08-17,0,0.53614,12/21/2022
378,54092038701,6.84553,2022-07-20,0,0.52416,12/21/2022
379,54092038901,6.82097,2022-08-17,0,0.57016,12/21/2022
380,54092039101,6.84347,2022-07-20,0,0.63819,12/21/2022
381,54092038101,6.83653,2022-12-21,0,0.68135,12/21/2022
382,72912052530,11.12091,2022-01-01,0,,
383,72912053530,11.04239,2022-08-17,0,,
384,72912054530,11.08213,2022-01-01,0,,
385,72912055530,11.0269,2022-01-01,0,,
386,72912057030,10.99186,2022-01-01,0,,
387,72912058530,11.00426,2022-01-01,0,,
388,57844014001,2.19305,2022-05-18,0,0.07394,12/21/2022
389,57844014056,2.19305,2022-05-18,0,0.07394,12/21/2022
390,00024592410,9.42775,2022-01-01,0,,
391,00024592505,12.13349,2022-10-19,0,,
392,70000017801,0.01526,2022-12-21,1,,
393,70000021801,0.01526,2022-12-21,1,,
394,00173069500,5.06842,2022-02-23,0,1.40606,12/21/2022
395,00173069600,6.30036,2022-02-23,0,1.63375,12/21/2022
396,00173069700,8.27356,2022-02-23,0,2.88667,12/21/2022
397,00173071620,32.46319,2022-08-17,0,,
398,00173071720,42.68837,2022-08-17,0,,
399,00173071520,26.17902,2022-08-17,0,,
400,70165002030,14.64526,2022-10-01,0,,
401,70165002530,14.62629,2022-10-01,0,,
402,70165003030,14.62752,2022-10-01,0,,
403,70165000530,14.70045,2022-10-01,0,,
404,70165001030,14.68363,2022-10-01,0,,
405,70165001530,14.58368,2022-10-01,0,,
406,65862084928,0.19918,2022-12-21,1,,
407,65862084988,0.19918,2022-12-21,1,,
408,55513084301,675.05712,2022-07-01,0,,
409,55513084101,674.93583,2022-07-01,0,,
410,59310012906,401.92785,2022-01-01,0,,
411,59310013606,453.89,2022-08-17,0,,
412,59310081206,367.19667,2022-08-17,0,100.83943,12/21/2022
413,51759020210,427.40974,2022-01-01,0,,
414,51759020222,427.73037,2022-01-19,0,,
415,51759020410,429.2732,2022-01-01,0,,
416,17478023835,2.63638,2022-12-21,1,,
417,50991078490,0.64042,2022-11-23,1,,
418,50991078890,0.64046,2022-12-21,1,,
419,00115170149,13.95479,2022-12-21,1,,
420,00591271202,13.95479,2022-12-21,1,,
421,16714090701,13.95479,2022-12-21,1,,
422,16714090702,13.95479,2022-12-21,1,,
423,31722093502,13.95479,2022-12-21,1,,
424,42799011002,13.95479,2022-12-21,1,,
425,43598045202,13.95479,2022-12-21,1,,
426,69097023772,13.95479,2022-12-21,1,,
427,70710102106,13.95479,2022-12-21,1,,
428,72205005108,13.95479,2022-12-21,1,,
429,00487990130,0.34947,2022-11-23,1,,
430,50383074120,2.3203,2022-03-23,1,,
431,66993001968,1.85855,2022-12-21,1,,
432,00093317431,2.97071,2022-12-21,1,,
433,45802008801,2.97071,2022-12-21,1,,
434,68180096301,2.97071,2022-12-21,1,,
435,00054074287,3.23495,2022-12-21,1,,
436,00254100752,3.23495,2022-12-21,1,,
437,00781729685,3.23495,2022-12-21,1,,
438,69097014260,3.23495,2022-12-21,1,,
439,72572001401,3.23495,2022-12-21,1,,
440,76282067942,3.23495,2022-12-21,1,,
441,00378699152,0.13645,2022-12-21,1,,
442,00378705752,0.13645,2022-12-21,1,,
443,00591346753,0.13645,2022-12-21,1,,
444,76204001055,0.13645,2022-12-21,1,,
445,00487030101,0.2388,2022-12-21,1,,
446,76204001001,0.2388,2022-12-21,1,,
447,00378699252,0.19837,2022-12-21,1,,
448,00378705852,0.19837,2022-12-21,1,,
449,00487990425,0.19837,2022-12-21,1,,
450,00591346853,0.19837,2022-12-21,1,,
451,76204001155,0.19837,2022-12-21,1,,
452,00487990401,0.27434,2022-12-21,1,,
453,76204001101,0.27434,2022-12-21,1,,
454,00378827091,0.04234,2022-12-21,1,,
455,00487950160,0.04234,2022-12-21,1,,
456,47335070354,0.04234,2022-12-21,1,,
457,76204020060,0.04234,2022-12-21,1,,
458,00378827052,0.04259,2022-12-21,1,,
459,00378827062,0.04259,2022-12-21,1,,
460,00487950125,0.04259,2022-12-21,1,,
461,47335070349,0.04259,2022-12-21,1,,
462,76204020025,0.04259,2022-12-21,1,,
463,00378827055,0.04264,2022-12-21,1,,
464,00378827064,0.04264,2022-12-21,1,,
465,00378827093,0.04264,2022-12-21,1,,
466,00487950101,0.04264,2022-12-21,1,,
467,00487950103,0.04264,2022-12-21,1,,
468,47335070352,0.04264,2022-12-21,1,,
469,60687039583,0.04264,2022-12-21,1,,
470,76204020001,0.04264,2022-12-21,1,,
471,76204020030,0.04264,2022-12-21,1,,
472,00472082516,0.03924,2022-12-21,1,,
473,50383074016,0.03924,2022-12-21,1,,
474,62135018947,0.03924,2022-12-21,1,,
475,70752010212,0.03924,2022-12-21,1,,
476,00378025501,0.32218,2022-12-21,1,,
477,51079065701,0.32218,2022-12-21,1,,
478,51079065720,0.32218,2022-12-21,1,,
479,53489017601,0.32218,2022-12-21,1,,
480,53489017605,0.32218,2022-12-21,1,,
481,64980044201,0.32218,2022-12-21,1,,
482,68084094925,0.32218,2022-12-21,1,,
483,68084094995,0.32218,2022-12-21,1,,
484,69238134401,0.32218,2022-12-21,1,,
485,69543029010,0.32218,2022-12-21,1,,
486,70710106101,0.32218,2022-12-21,1,,
487,75834027301,0.32218,2022-12-21,1,,
488,00378057201,0.44633,2022-12-21,1,,
489,53489017701,0.44633,2022-12-21,1,,
490,53489017705,0.44633,2022-12-21,1,,
491,64980044301,0.44633,2022-12-21,1,,
492,68084095225,0.44633,2022-12-21,1,,
493,68084095295,0.44633,2022-12-21,1,,
494,69238134501,0.44633,2022-12-21,1,,
495,69543029110,0.44633,2022-12-21,1,,
496,70710106201,0.44633,2022-12-21,1,,
497,75834027401,0.44633,2022-12-21,1,,
498,00168026415,0.83809,2022-12-21,1,,
499,51672131601,0.83809,2022-12-21,1,,
500,68462029917,0.83809,2022-12-21,1,,
501,00168026360,0.59833,2022-12-21,1,,
502,51672130603,0.59833,2022-12-21,1,,
503,68462030065,0.59833,2022-12-21,1,,
504,00168026345,1.26389,2022-11-23,1,,
505,51672130606,1.26389,2022-11-23,1,,
506,68462030047,1.26389,2022-11-23,1,,
507,00168026315,1.36267,2022-12-21,1,,
508,51672130601,1.36267,2022-12-21,1,,
509,68462030017,1.36267,2022-12-21,1,,
510,68599580405,0.01243,2022-12-21,1,,
511,16714063101,0.12503,2022-12-21,1,,
512,16714063102,0.12503,2022-12-21,1,,
513,64980034001,0.12503,2022-12-21,1,,
514,64980034003,0.12503,2022-12-21,1,,
515,16714063201,0.33672,2022-12-21,1,,
516,16714063202,0.33672,2022-12-21,1,,
517,47335063768,0.33672,2022-12-21,1,,
518,64980034114,0.33672,2022-12-21,1,,
519,65862032804,0.33672,2022-12-21,1,,
520,69097022316,0.33672,2022-12-21,1,,
521,69097022376,0.33672,2022-12-21,1,,
522,69543013004,0.33672,2022-12-21,1,,
523,69543013012,0.33672,2022-12-21,1,,
524,76282068145,0.33672,2022-12-21,1,,
525,16714063301,0.29254,2022-12-21,1,,
526,16714063302,0.29254,2022-12-21,1,,
527,47335063868,0.29254,2022-12-21,1,,
528,64980034214,0.29254,2022-12-21,1,,
529,65862032904,0.29254,2022-12-21,1,,
530,69097022416,0.29254,2022-12-21,1,,
531,69097022476,0.29254,2022-12-21,1,,
532,69543013104,0.29254,2022-12-21,1,,
533,69543013112,0.29254,2022-12-21,1,,
534,69543013120,0.29254,2022-12-21,1,,
535,76282068245,0.29254,2022-12-21,1,,
536,46122045773,0.07625,2022-12-21,1,,
537,13668002101,0.11588,2022-12-21,1,,
538,13668002105,0.11588,2022-12-21,1,,
539,29300015501,0.11588,2022-12-21,1,,
540,29300015519,0.11588,2022-12-21,1,,
541,47335095618,0.11588,2022-12-21,1,,
542,47335095688,0.11588,2022-12-21,1,,
543,57237011490,0.11588,2022-12-21,1,,
544,60505285001,0.11588,2022-12-21,1,,
545,69097084407,0.11588,2022-12-21,1,,
546,69097084412,0.11588,2022-12-21,1,,
547,76282030201,0.11588,2022-12-21,1,,
548,76282030205,0.11588,2022-12-21,1,,
549,76282030290,0.11588,2022-12-21,1,,
550,49884042411,5.56192,2022-11-23,1,,
551,66993014130,5.56192,2022-11-23,1,,
552,49884042511,6.96053,2022-11-23,1,,
553,66993014230,6.96053,2022-11-23,1,,
554,24385099865,0.06637,2022-12-21,1,,
555,24385099874,0.06637,2022-12-21,1,,
556,24385099875,0.06637,2022-12-21,1,,
557,70000004701,0.06637,2022-12-21,1,,
558,70000038001,0.06637,2022-12-21,1,,
559,70000038002,0.06637,2022-12-21,1,,
560,70000038004,0.06637,2022-12-21,1,,
561,46122062662,0.61584,2022-12-21,1,,
562,69230031301,0.06173,2022-12-21,1,,
563,69230031305,0.06173,2022-12-21,1,,
564,69230031350,0.06173,2022-12-21,1,,
565,70000017101,0.06173,2022-12-21,1,,
566,70000017103,0.06173,2022-12-21,1,,
567,70000017105,0.06173,2022-12-21,1,,
568,70000017106,0.06173,2022-12-21,1,,
569,70000020102,0.06173,2022-12-21,1,,
570,70000020103,0.06173,2022-12-21,1,,
571,70000020105,0.06173,2022-12-21,1,,
572,70000020106,0.06173,2022-12-21,1,,
573,00536109301,0.06173,2022-12-21,1,,
574,00536109306,0.06173,2022-12-21,1,,
575,00536109311,0.06173,2022-12-21,1,,
576,00536109401,0.06173,2022-12-21,1,,
577,00536109406,0.06173,2022-12-21,1,,
578,00536109411,0.06173,2022-12-21,1,,
579,00904646509,0.01389,2022-12-21,1,,
580,00536100601,0.01733,2022-12-21,1,,
581,00536100610,0.01733,2022-12-21,1,,
582,49483006101,0.03549,2022-12-21,1,,
583,49483006110,0.03549,2022-12-21,1,,
584,51660052601,0.05697,2022-12-21,1,,
585,51660052605,0.05697,2022-12-21,1,,
586,51660052631,0.05697,2022-12-21,1,,
587,51660052653,0.05697,2022-12-21,1,,
588,69230031201,0.05697,2022-12-21,1,,
589,69230031203,0.05697,2022-12-21,1,,
590,69230031230,0.05697,2022-12-21,1,,
591,69230031701,0.05697,2022-12-21,1,,
592,69230031703,0.05697,2022-12-21,1,,
593,69230032803,0.05697,2022-12-21,1,,
594,70000020701,0.03031,2022-12-21,1,,
595,70000020702,0.03031,2022-12-21,1,,
596,24385047978,0.03549,2022-12-21,1,,
597,00904001224,0.01733,2022-12-21,1,,
598,00904001259,0.01733,2022-12-21,1,,
599,00904001261,0.01733,2022-12-21,1,,
600,00904001280,0.01733,2022-12-21,1,,
601,46122035626,0.0161,2022-12-21,1,,
602,46122040662,0.08313,2023-01-04,1,,
603,70000021101,0.08313,2022-12-21,1,,
604,70000021301,0.05697,2022-12-21,1,,
605,70000021302,0.05697,2022-12-21,1,,
606,70000021303,0.05697,2022-12-21,1,,
607,70000021304,0.05697,2022-12-21,1,,
608,70000021306,0.05697,2022-12-21,1,,
609,70000058301,0.05697,2022-12-21,1,,
610,69230020201,0.26148,2022-12-21,1,,
611,69230020230,0.26148,2022-12-21,1,,
612,69230030001,0.26148,2022-12-21,1,,
613,69230030005,0.26148,2022-12-21,1,,
614,69230030030,0.26148,2022-12-21,1,,
615,70000036101,0.26148,2022-12-21,1,,
616,70000036102,0.26148,2022-12-21,1,,
617,70000036103,0.26148,2022-12-21,1,,
618,70000036104,0.26148,2022-12-21,1,,
619,70000036105,0.26148,2022-12-21,1,,
620,46122044062,0.03031,2022-12-21,1,,
621,46122044078,0.03031,2022-12-21,1,,
622,46122042762,0.03031,2022-12-21,1,,
623,70000058501,0.03031,2022-12-21,1,,
624,70000013601,0.03549,2022-12-21,1,,
625,70000013602,0.03549,2022-12-21,1,,
626,70000013603,0.03549,2022-12-21,1,,
627,70000016001,0.01733,2022-12-21,1,,
628,70000016002,0.01733,2022-12-21,1,,
629,24385053126,0.0442,2022-12-21,1,,
630,70000011001,0.81826,2022-12-21,1,,
631,70000050401,0.76388,2022-12-21,1,,
632,70000050402,0.76388,2022-12-21,1,,
633,70000050403,0.76388,2022-12-21,1,,
634,52544023954,0.5663,2022-12-21,1,,
635,70000016201,0.5663,2022-12-21,1,,
636,70000016202,0.5663,2022-12-21,1,,
637,70000004201,0.61584,2022-12-21,1,,
638,51660072415,0.5663,2022-12-21,1,,
639,51660072469,0.5663,2022-12-21,1,,
640,49483069250,0.06637,2022-12-21,1,,
641,69230030401,0.06637,2022-12-21,1,,
642,69230030405,0.06637,2022-12-21,1,,
643,69230030430,0.06637,2022-12-21,1,,
644,49483068201,0.04915,2022-12-21,1,,
645,70000058601,0.17001,2022-12-21,1,,
646,46122016752,0.5663,2022-12-21,1,,
647,46122038322,0.5663,2022-12-21,1,,
648,70000051801,0.51138,2022-12-21,1,,
649,70000051802,0.51138,2022-12-21,1,,
650,00113200760,0.76388,2022-12-21,1,,
651,49483024201,0.01733,2022-12-21,1,,
652,49483024210,0.01733,2022-12-21,1,,
653,00378013701,0.04787,2022-12-21,1,,
654,00378013710,0.04787,2022-12-21,1,,
655,00591554301,0.04787,2022-12-21,1,,
656,00591554310,0.04787,2022-12-21,1,,
657,00603211521,0.04787,2022-12-21,1,,
658,00603211532,0.04787,2022-12-21,1,,
659,00904704161,0.04787,2022-12-21,1,,
660,16714004107,0.04787,2022-12-21,1,,
661,16714004110,0.04787,2022-12-21,1,,
662,16714004112,0.04787,2022-12-21,1,,
663,16714057601,0.04787,2022-12-28,1,,
664,16714057602,0.04787,2022-12-21,1,,
665,16714057603,0.04787,2022-12-21,1,,
666,16714057604,0.04787,2022-12-28,1,,
667,16729013401,0.04787,2022-12-21,1,,
668,16729013416,0.04787,2022-12-21,1,,
669,23155069301,0.04787,2022-12-21,1,,
670,23155069310,0.04787,2022-12-21,1,,
671,29300034901,0.04787,2022-12-21,1,,
672,29300034905,0.04787,2022-12-21,1,,
673,50268006311,0.04787,2022-12-21,1,,
674,50268006315,0.04787,2022-12-21,1,,
675,51079020501,0.04787,2022-12-21,1,,
676,51079020520,0.04787,2022-12-21,1,,
677,53489015601,0.04787,2022-12-21,1,,
678,53489015605,0.04787,2022-12-21,1,,
679,53489015610,0.04787,2022-12-21,1,,
680,55111072901,0.04787,2022-12-21,1,,
681,55111072910,0.04787,2022-12-21,1,,
682,60687067701,0.04787,2022-12-21,1,,
683,60687067711,0.04787,2022-12-21,1,,
684,62584098801,0.04787,2022-12-21,1,,
685,62584098811,0.04787,2022-12-21,1,,
686,63304053901,0.04787,2022-12-21,1,,
687,63304053910,0.04787,2022-12-21,1,,
688,63739041010,0.04787,2022-12-21,1,,
689,70710120900,0.04787,2022-12-21,1,,
690,70710120901,0.04787,2022-12-21,1,,
691,00378018101,0.07486,2022-12-21,1,,
692,00378018105,0.07486,2022-12-21,1,,
693,00591554401,0.07486,2022-12-21,1,,
694,00591554405,0.07486,2022-12-21,1,,
695,00603211621,0.07486,2022-12-21,1,,
696,00603211628,0.07486,2022-12-21,1,,
697,00603211632,0.07486,2022-12-21,1,,
698,00904657261,0.07486,2022-12-21,1,,
699,16714004210,0.07486,2022-12-21,1,,
700,16714004211,0.07486,2022-12-21,1,,
701,16714057701,0.07486,2022-12-21,1,,
702,16714057702,0.07486,2022-12-21,1,,
703,16729013501,0.07486,2022-12-21,1,,
704,16729013516,0.07486,2022-12-21,1,,
705,23155069401,0.07486,2022-12-21,1,,
706,23155069405,0.07486,2022-12-21,1,,
707,29300035001,0.07486,2022-12-21,1,,
708,29300035005,0.07486,2022-12-21,1,,
709,50268006411,0.07486,2022-12-21,1,,
710,50268006415,0.07486,2022-12-21,1,,
711,51079020601,0.07486,2022-12-21,1,,
712,51079020620,0.07486,2022-12-21,1,,
713,53489015701,0.07486,2022-12-21,1,,
714,53489015705,0.07486,2022-12-21,1,,
715,53489015710,0.07486,2022-12-21,1,,
716,55111073001,0.07486,2022-12-21,1,,
717,55111073005,0.07486,2022-12-21,1,,
718,62584071301,0.07486,2022-12-21,1,,
719,62584071311,0.07486,2022-12-21,1,,
720,63304054001,0.07486,2022-12-21,1,,
721,63304054005,0.07486,2022-12-21,1,,
722,63739079610,0.07486,2022-12-21,1,,
723,70710121001,0.07486,2022-12-21,1,,
724,70710121005,0.07486,2022-12-21,1,,
725,00536001583,0.01076,2022-12-21,1,,
726,00093526119,21.98333,2022-12-21,1,,
727,00093526129,21.98333,2022-12-21,1,,
728,00378524632,21.98333,2022-12-21,1,,
729,00378524685,21.98333,2022-12-21,1,,
730,27241004221,21.98333,2022-12-21,1,,
731,27241004268,21.98333,2022-12-21,1,,
732,45802010365,5.17033,2022-12-21,1,,
733,45802015065,5.30168,2022-12-21,1,,
734,45802008765,5.22295,2022-12-21,1,,
735,45802021172,2.54843,2022-12-21,1,,
736,45802016972,2.44496,2022-12-21,1,,
737,45963047903,4.66883,2022-12-21,1,,
738,49884081911,4.66883,2022-12-21,1,,
739,64980045303,4.66883,2022-12-21,1,,
740,65162024803,4.66883,2022-12-21,1,,
741,70756070230,4.66883,2022-12-21,1,,
742,45963048003,6.20242,2022-10-19,1,,
743,49884082011,6.20242,2022-10-19,1,,
744,64980045403,6.20242,2022-10-19,1,,
745,65162024903,6.20242,2022-10-19,1,,
746,70756070130,6.20242,2022-10-19,1,,
747,00023932110,35.43484,2022-01-14,0,,
748,00023932105,35.54361,2022-01-14,0,,
749,00023932115,35.56652,2022-01-14,0,,
750,00023917705,37.64244,2022-01-14,0,23.45326,12/21/2022
751,00023917710,37.76068,2022-01-14,0,22.06371,12/21/2022
752,00023917715,37.92662,2022-01-14,0,20.72262,12/21/2022
753,00228202710,0.01925,2022-12-21,1,,
754,00228202750,0.01925,2022-12-21,1,,
755,00228202796,0.01925,2022-12-21,1,,
756,00781106101,0.01925,2022-12-21,1,,
757,00781106105,0.01925,2022-12-21,1,,
758,00781106110,0.01925,2022-12-21,1,,
759,47335060313,0.01925,2022-12-21,1,,
760,47335060318,0.01925,2022-12-21,1,,
761,47335060388,0.01925,2022-12-21,1,,
762,51991070401,0.01925,2022-12-21,1,,
763,51991070405,0.01925,2022-12-21,1,,
764,51991070410,0.01925,2022-12-21,1,,
765,59762371901,0.01925,2022-12-21,1,,
766,59762371903,0.01925,2022-12-21,1,,
767,59762371904,0.01925,2022-12-21,1,,
768,65862067601,0.01925,2022-12-21,1,,
769,65862067605,0.01925,2022-12-21,1,,
770,65862067699,0.01925,2022-12-21,1,,
771,00228202910,0.02156,2022-12-21,1,,
772,00228202950,0.02156,2022-12-21,1,,
773,00228202996,0.02156,2022-12-21,1,,
774,00781107701,0.02156,2022-12-21,1,,
775,00781107705,0.02156,2022-12-21,1,,
776,00781107710,0.02156,2022-12-21,1,,
777,47335060413,0.02156,2022-12-21,1,,
778,47335060418,0.02156,2022-12-21,1,,
779,51991070501,0.02156,2022-12-21,1,,
780,51991070505,0.02156,2022-12-21,1,,
781,51991070510,0.02156,2022-12-21,1,,
782,59762372001,0.02156,2022-12-21,1,,
783,59762372003,0.02156,2022-12-21,1,,
784,59762372004,0.02156,2022-12-21,1,,
785,65862067701,0.02156,2022-12-21,1,,
786,65862067705,0.02156,2022-12-21,1,,
787,65862067799,0.02156,2022-12-21,1,,
788,00228203110,0.02315,2022-12-21,1,,
789,00228203150,0.02315,2022-12-21,1,,
790,00228203196,0.02315,2022-12-21,1,,
791,00781107901,0.02315,2022-12-21,1,,
792,00781107905,0.02315,2022-12-21,1,,
793,00781107910,0.02315,2022-12-21,1,,
794,47335060513,0.02315,2022-12-21,1,,
795,47335060588,0.02315,2022-12-21,1,,
796,51991070601,0.02315,2022-12-21,1,,
797,51991070605,0.02315,2022-12-21,1,,
798,51991070610,0.02315,2022-12-21,1,,
799,59762372101,0.02315,2022-12-21,1,,
800,59762372103,0.02315,2022-12-21,1,,
801,59762372104,0.02315,2022-12-21,1,,
802,65862067801,0.02315,2022-12-21,1,,
803,65862067805,0.02315,2022-12-21,1,,
804,65862067899,0.02315,2022-12-21,1,,
805,00228203910,0.05021,2022-12-21,1,,
806,00781108901,0.05021,2022-12-21,1,,
807,00781108905,0.05021,2022-12-21,1,,
808,47335060688,0.05021,2022-12-21,1,,
809,51991070701,0.05021,2022-12-21,1,,
810,51991070705,0.05021,2022-12-21,1,,
811,59762372201,0.05021,2022-12-21,1,,
812,59762372203,0.05021,2022-12-21,1,,
813,65862067901,0.05021,2022-12-21,1,,
814,65862067905,0.05021,2022-12-21,1,,
815,00228308306,0.15676,2022-12-21,1,,
816,65862045460,0.15676,2022-12-21,1,,
817,00228308406,0.17985,2022-12-21,1,,
818,65862045560,0.17985,2022-12-21,1,,
819,00228308706,0.33085,2022-12-21,1,,
820,65862045660,0.33085,2022-12-21,1,,
821,00228308606,0.27479,2022-12-21,1,,
822,65862045760,0.27479,2022-12-21,1,,
823,00228401911,0.87264,2022-09-21,1,,
824,49884011052,0.87264,2022-09-21,1,,
825,49884011074,0.87264,2022-09-21,1,,
826,59762005701,0.15676,2022-12-21,1,,
827,59762005901,0.17985,2022-12-21,1,,
828,59762006601,0.33085,2022-12-21,1,,
829,59762006801,0.27479,2022-12-21,1,,
830,24208035310,50.80758,2022-01-01,0,,
831,24208035305,51.11063,2022-01-01,0,,
832,70700011684,0.13499,2022-12-21,1,,
833,70700011685,0.13499,2022-12-21,1,,
834,00187000545,2.44511,2022-08-17,0,,
835,70515071201,43.25842,2021-12-22,0,,
836,70515071101,43.17049,2022-11-23,0,,
837,68462039429,0.31507,2022-12-21,1,,
838,68462039484,0.31507,2022-12-21,1,,
839,68462055629,0.39775,2022-12-21,1,,
840,68462055684,0.39775,2022-12-21,1,,
841,00093333406,0.40334,2022-12-21,1,,
842,68180082911,0.95532,2022-12-21,1,,
843,68180082913,0.95532,2022-12-21,1,,
844,68180082973,0.95532,2022-12-21,1,,
845,68180083011,0.79638,2022-12-21,1,,
846,68180083013,0.79638,2022-12-21,1,,
847,68180083073,0.79638,2022-12-21,1,,
848,00832101500,0.24192,2022-12-21,1,,
849,00832101550,0.24192,2022-12-21,1,,
850,00904704206,0.24192,2022-12-21,1,,
851,00904704240,0.24192,2022-12-21,1,,
852,00904704259,0.24192,2022-12-21,1,,
853,00904704261,0.24192,2022-12-21,1,,
854,16571083401,0.24192,2022-12-21,1,,
855,16571083450,0.24192,2022-12-21,1,,
856,23155036201,0.24192,2022-12-21,1,,
857,23155036205,0.24192,2022-12-21,1,,
858,42543049301,0.24192,2022-12-21,1,,
859,42543049305,0.24192,2022-12-21,1,,
860,50268006911,0.24192,2022-12-21,1,,
861,50268006915,0.24192,2022-12-21,1,,
862,60687042201,0.24192,2022-12-21,1,,
863,60687042211,0.24192,2022-12-21,1,,
864,62332024631,0.24192,2022-12-21,1,,
865,62332024671,0.24192,2022-12-21,1,,
866,68382051201,0.24192,2022-12-21,1,,
867,68382051205,0.24192,2022-12-21,1,,
868,69452014220,0.24192,2022-12-21,1,,
869,69452014230,0.24192,2022-12-21,1,,
870,72888003301,0.24192,2022-12-21,1,,
871,72888003305,0.24192,2022-12-21,1,,
872,72888003330,0.24192,2022-12-21,1,,
873,00591492001,0.64417,2022-12-21,1,,
874,00591492005,0.64417,2022-12-21,1,,
875,00832011100,0.64417,2022-12-21,1,,
876,00832011103,0.64417,2022-12-21,1,,
877,00832011150,0.64417,2022-12-21,1,,
878,00832011189,0.64417,2022-12-21,1,,
879,42543049701,0.64417,2022-12-21,1,,
880,42543049705,0.64417,2022-12-21,1,,
881,59746069901,0.64417,2022-12-21,1,,
882,59746069905,0.64417,2022-12-21,1,,
883,62332058631,0.64417,2022-12-21,1,,
884,00121064616,0.01905,2022-12-21,1,,
885,50383080716,0.01905,2022-12-21,1,,
886,60432009316,0.01905,2022-12-21,1,,
887,00024542131,19.64741,2022-11-23,0,0.03478,12/21/2022
888,00024540131,19.62369,2022-01-03,0,0.02711,12/21/2022
889,00024552131,19.52677,2022-01-03,0,0.15003,12/21/2022
890,51862004701,0.32233,2022-12-21,1,,
891,51862004791,0.32233,2022-12-21,1,,
892,52544029528,1.28599,2022-12-21,1,,
893,00574029201,0.15398,2022-12-21,1,,
894,42794000502,0.15398,2022-12-21,1,,
895,49884011701,0.15398,2022-12-21,1,,
896,49884011710,0.15398,2022-12-21,1,,
897,00378057701,0.42874,2022-07-20,1,,
898,00378057705,0.42874,2022-07-20,1,,
899,00555048302,0.42874,2022-07-20,1,,
900,00555048305,0.42874,2022-07-20,1,,
901,16714084301,0.85289,2022-12-21,1,,
902,42494030703,0.85289,2022-12-21,1,,
903,50268009711,0.85289,2022-12-21,1,,
904,50268009715,0.85289,2022-12-21,1,,
905,51672405506,0.85289,2022-12-21,1,,
906,51862024030,0.85289,2022-12-21,1,,
907,72888006030,0.85289,2022-12-21,1,,
908,00904699361,0.12469,2022-12-21,1,,
909,16714084401,0.12469,2022-12-21,1,,
910,16714084402,0.12469,2022-12-21,1,,
911,29300035905,0.12469,2022-12-21,1,,
912,29300035916,0.12469,2022-12-21,1,,
913,51672402504,0.12469,2022-12-21,1,,
914,51862024105,0.12469,2022-12-21,1,,
915,51862024160,0.12469,2022-12-21,1,,
916,51862024190,0.12469,2022-12-21,1,,
917,60687043701,0.12469,2022-12-21,1,,
918,60687043711,0.12469,2022-12-21,1,,
919,63739005110,0.12469,2022-12-21,1,,
920,65862073205,0.12469,2022-12-21,1,,
921,65862073260,0.12469,2022-12-21,1,,
922,68382022705,0.12469,2022-12-21,1,,
923,68382022714,0.12469,2022-12-21,1,,
924,72888003905,0.12469,2022-12-21,1,,
925,72888003960,0.12469,2022-12-21,1,,
926,16714084501,1.05073,2022-10-19,1,,
927,42494030903,1.05073,2022-10-19,1,,
928,51672405706,1.05073,2022-10-19,1,,
929,51862024230,1.05073,2022-10-19,1,,
930,72888006130,1.05073,2022-10-19,1,,
931,64764024060,5.92371,2022-02-23,0,4.32159,12/21/2022
932,64764008060,5.94984,2022-02-23,0,4.12742,12/21/2022
933,00603221221,0.03812,2022-12-21,1,,
934,00603221232,0.03812,2022-12-21,1,,
935,00781148601,0.03812,2022-12-21,1,,
936,00781148610,0.03812,2022-12-21,1,,
937,16714025701,0.03812,2022-12-21,1,,
938,16714025702,0.03812,2022-12-21,1,,
939,16714044601,0.03812,2022-12-21,1,,
940,16714044602,0.03812,2022-12-21,1,,
941,16729017101,0.03812,2022-12-21,1,,
942,16729017117,0.03812,2022-12-21,1,,
943,29300041901,0.03812,2022-12-21,1,,
944,29300041910,0.03812,2022-12-21,1,,
945,57664068718,0.03812,2022-12-21,1,,
946,57664068788,0.03812,2022-12-21,1,,
947,70710122500,0.03812,2022-12-21,1,,
948,70710122501,0.03812,2022-12-21,1,,
949,70756020111,0.03812,2022-12-21,1,,
950,70756020112,0.03812,2022-12-21,1,,
951,00603221621,0.15434,2022-12-21,1,,
952,00781149001,0.15434,2022-12-21,1,,
953,16714026101,0.15434,2022-12-21,1,,
954,16714045001,0.15434,2022-12-21,1,,
955,16729017501,0.15434,2022-12-21,1,,
956,29300042301,0.15434,2022-12-21,1,,
957,57664069088,0.15434,2022-12-21,1,,
958,70710122901,0.15434,2022-12-21,1,,
959,70756020511,0.15434,2022-12-21,1,,
960,00603221721,0.17494,2022-12-21,1,,
961,00781149101,0.17494,2022-12-21,1,,
962,16714026201,0.17494,2022-12-21,1,,
963,16714045101,0.17494,2022-12-21,1,,
964,16729017601,0.17494,2022-12-21,1,,
965,29300042401,0.17494,2022-12-21,1,,
966,57664069188,0.17494,2022-12-21,1,,
967,70710123001,0.17494,2022-12-21,1,,
968,70756020611,0.17494,2022-12-21,1,,
969,00603221321,0.0515,2022-12-21,1,,
970,00603221332,0.0515,2022-12-21,1,,
971,00781148701,0.0515,2022-12-21,1,,
972,00781148710,0.0515,2022-12-21,1,,
973,00904020161,0.0515,2022-12-21,1,,
974,00904718461,0.0515,2022-12-21,1,,
975,16714025801,0.0515,2022-12-21,1,,
976,16714025802,0.0515,2022-12-21,1,,
977,16714044701,0.0515,2022-12-21,1,,
978,16714044702,0.0515,2022-12-21,1,,
979,16729017201,0.0515,2022-12-21,1,,
980,16729017217,0.0515,2022-12-21,1,,
981,29300042001,0.0515,2022-12-21,1,,
982,29300042010,0.0515,2022-12-21,1,,
983,57664068818,0.0515,2022-12-21,1,,
984,57664068888,0.0515,2022-12-21,1,,
985,60687043301,0.0515,2022-12-21,1,,
986,60687043311,0.0515,2022-12-21,1,,
987,70710122600,0.0515,2022-12-21,1,,
988,70710122601,0.0515,2022-12-21,1,,
989,70756020211,0.0515,2022-12-21,1,,
990,70756020212,0.0515,2022-12-21,1,,
991,00603221421,0.08595,2022-12-21,1,,
992,00603221432,0.08595,2022-12-21,1,,
993,00781148801,0.08595,2022-12-21,1,,
994,00781148810,0.08595,2022-12-21,1,,
995,00904020261,0.08595,2022-12-21,1,,
996,00904718561,0.08595,2022-12-21,1,,
997,16714025901,0.08595,2022-12-21,1,,
998,16714025902,0.08595,2022-12-21,1,,
999,16714044801,0.08595,2022-12-21,1,,
1000,16714044802,0.08595,2022-12-21,1,,
